<?xml version="1.0" encoding="UTF-8"?>
<config xmlns="http://www.knime.org/2008/09/XMLConfig" xmlns:xsi="http://www.w3.org/2001/XMLSchema-instance" xsi:schemaLocation="http://www.knime.org/2008/09/XMLConfig http://www.knime.org/XMLConfig_2008_09.xsd" key="MiningSchema">
    <config key="learning">
        <entry key="array-size" type="xint" value="9"/>
        <entry key="0" type="xstring" value="Avg. Area Income"/>
        <entry key="1" type="xstring" value="Avg. Area Income [Binned]"/>
        <entry key="2" type="xstring" value="Avg. Area House Age"/>
        <entry key="3" type="xstring" value="Avg. Area Number of Rooms"/>
        <entry key="4" type="xstring" value="Avg. Area Number of Bedrooms"/>
        <entry key="5" type="xstring" value="Area Population"/>
        <entry key="6" type="xstring" value="Area Population [Binned]"/>
        <entry key="7" type="xstring" value="ZipCode National Area"/>
        <entry key="8" type="xstring" value="Zone"/>
    </config>
    <config key="target">
        <entry key="array-size" type="xint" value="1"/>
        <entry key="0" type="xstring" value="Price"/>
    </config>
</config>
